Дата i час операції,Деталі операції,MCC,Сума в валюті картки (UAH),Сума в валюті операції,Валюта,Курс,Сума комісій (UAH),Сума кешбеку (UAH)
31.12.2025 12:53:20,UPG,5541,-2046.19,-2046.19,UAH,—,—,—
31.12.2025 11:59:00,Magazin DELIKAT MARKET,5499,-127.48,-127.48,UAH,—,—,1.27
29.12.2025 19:35:44,Від: Особа_3,4829,2000.0,2000.0,UAH,—,—,—
29.12.2025 17:00:01,Епіцентр,5211,-202.3,-202.3,UAH,—,—,—
29.12.2025 12:22:10,Там Там,5499,-119.61,-119.61,UAH,—,—,0.89
28.12.2025 13:05:11,АТБ,5499,-1364.4,-1364.4,UAH,—,—,13.49
27.12.2025 11:11:42,BarbershopGC,7230,-700.0,-700.0,UAH,—,—,—
25.12.2025 14:10:14,Від: Особа_3,4829,170.0,170.0,UAH,—,—,—
25.12.2025 14:02:21,Термінал mono,4829,5000.0,5000.0,UAH,—,—,—
25.12.2025 13:56:36,Там Там,5499,-175.6,-175.6,UAH,—,—,1.31
25.12.2025 13:34:31,Від: Особа_3,4829,1000.0,1000.0,UAH,—,—,—
24.12.2025 18:12:25,Kvtkovii magazin Tsvt,5992,-1270.0,-1270.0,UAH,—,—,—
23.12.2025 17:30:50,Там Там,5499,-346.48,-346.48,UAH,—,—,2.59
22.12.2025 16:54:16,Там Там,5499,-133.63,-133.63,UAH,—,—,1.0
22.12.2025 12:12:12,Там Там,5499,-111.37,-111.37,UAH,—,—,0.83
20.12.2025 07:53:52,АТБ,5411,-107.6,-107.6,UAH,—,—,0.8
19.12.2025 16:57:18,Там Там,5499,-319.3,-319.3,UAH,—,—,2.39
19.12.2025 12:11:17,Там Там,5499,-116.11,-116.11,UAH,—,—,0.87
18.12.2025 18:32:05,Там Там,5499,-63.8,-63.8,UAH,—,—,0.47
18.12.2025 12:35:03,АТБ,5499,-418.09,-418.09,UAH,—,—,3.13
17.12.2025 12:13:31,Domashnii,5499,-82.0,-82.0,UAH,—,—,0.61
16.12.2025 08:04:52,Погашення наступного платежу CITRUS - monomarket,4829,-399.93,-399.93,UAH,—,—,—
16.12.2025 08:04:43,Погашення наступного платежу CITRUS - monomarket,4829,-1499.86,-1499.86,UAH,—,—,—
16.12.2025 08:04:18,Погашення наступного платежу КТС - monomarket,4829,-3779.8,-3779.8,UAH,—,—,—
16.12.2025 08:04:12,Погашення наступного платежу КТС - monomarket,4829,-899.9,-899.9,UAH,—,—,—
16.12.2025 07:44:33,Термінал EasyPay,4829,7700.0,7700.0,UAH,—,—,—
15.12.2025 18:39:29,Від: Особа_3,4829,70.0,70.0,UAH,—,—,—
15.12.2025 18:39:13,Temu,5311,-70.33,-1.66,USD,42.3674,—,—
15.12.2025 18:06:26,Temu,5311,-986.36,-23.28,USD,42.3694,—,—
15.12.2025 12:07:57,Domashnii,5499,-129.0,-129.0,UAH,—,—,0.96
13.12.2025 17:08:42,Там Там,5499,-409.46,-409.46,UAH,—,—,3.07
13.12.2025 16:51:24,Аврора,5310,-106.0,-106.0,UAH,—,—,—
13.12.2025 12:11:43,Там Там,5499,-81.7,-81.7,UAH,—,—,0.61
13.12.2025 07:42:56,ТЕРЦІЯ ЛТД,5411,-64.0,-64.0,UAH,—,—,0.48
12.12.2025 12:19:02,Там Там,5499,-72.7,-72.7,UAH,—,—,0.54
10.12.2025 16:31:30,UPG,5541,-1767.0,-1767.0,UAH,—,—,—
10.12.2025 12:12:32,Там Там,5499,-59.8,-59.8,UAH,—,—,0.59
09.12.2025 16:58:17,Volynfarm,5912,-533.3,-533.3,UAH,—,—,—
09.12.2025 16:53:56,Там Там,5499,-129.33,-129.33,UAH,—,—,1.29
09.12.2025 12:08:03,Там Там,5499,-110.27,-110.27,UAH,—,—,1.1
08.12.2025 12:12:19,Produkti,5499,-164.9,-164.9,UAH,—,—,1.64
07.12.2025 19:18:34,Щодня,5399,-29.0,-29.0,UAH,—,—,0.29
07.12.2025 17:17:29,Там Там,5499,-137.49,-137.49,UAH,—,—,1.37
07.12.2025 17:08:33,Копійочка,5399,-49.8,-49.8,UAH,—,—,0.49
07.12.2025 14:53:59,Епіцентр,5211,-780.0,-780.0,UAH,—,—,—
07.12.2025 10:23:52,Київстар +380XXXXXXXXX,4814,-300.0,-300.0,UAH,—,—,—
06.12.2025 17:49:28,Виведення кешбеку 108.91₴,4829,83.86,83.86,UAH,—,—,—
06.12.2025 16:32:55,Там Там,5499,-308.74,-308.74,UAH,—,—,3.08
05.12.2025 13:13:36,Там Там,5499,-158.7,-158.7,UAH,—,—,1.58
04.12.2025 16:42:25,Там Там,5499,-153.13,-153.13,UAH,—,—,1.53
04.12.2025 12:05:20,Там Там,5499,-94.61,-94.61,UAH,—,—,0.94
03.12.2025 12:11:35,Produkti,5499,-94.96,-94.96,UAH,—,—,0.94
02.12.2025 16:56:33,Там Там,5499,-157.13,-157.13,UAH,—,—,1.57
02.12.2025 16:48:10,Термінал mono,4829,8400.0,8400.0,UAH,—,—,—
02.12.2025 12:08:02,Там Там,5499,-97.83,-97.83,UAH,—,—,0.73
01.12.2025 16:47:13,Там Там,5499,-68.19,-68.19,UAH,—,—,—
01.12.2025 12:11:53,Domashnii,5499,-71.0,-71.0,UAH,—,—,—
01.12.2025 11:51:20,Платіж КТС - monomarket,4829,-899.9,-899.9,UAH,—,—,—
01.12.2025 06:02:03,Vodafone +380XXXXXXXXX,4814,-200.0,-200.0,UAH,—,—,—
30.11.2025 12:06:17,Temu,5311,-650.02,-15.28,USD,42.5405,—,4.87
29.11.2025 15:56:19,Погашення наступного платежу CITRUS - monomarket,4829,-1499.86,-1499.86,UAH,—,—,—
29.11.2025 15:56:09,Погашення наступного платежу КТС - monomarket,4829,-3779.8,-3779.8,UAH,—,—,—
29.11.2025 15:55:13,Термінал mono,4829,5700.0,5700.0,UAH,—,—,—
29.11.2025 11:02:36,BarbershopGC,7230,-700.0,-700.0,UAH,—,—,—
28.11.2025 12:17:13,Domashnii,5499,-178.0,-178.0,UAH,—,—,1.33
27.11.2025 12:12:31,Domashnii,5499,-82.0,-82.0,UAH,—,—,0.61
26.11.2025 13:20:39,Там Там,5499,-463.61,-463.61,UAH,—,—,3.47
26.11.2025 13:08:43,Українські Ковбаси,5499,-200.07,-200.07,UAH,—,—,1.5
25.11.2025 12:12:05,Domashnii,5499,-92.0,-92.0,UAH,—,—,0.69
24.11.2025 12:54:18,АТБ,5499,-47.0,-47.0,UAH,—,—,0.35
24.11.2025 12:29:27,Kvtkovii magazin Tsvt,5992,-825.0,-825.0,UAH,—,—,—
23.11.2025 16:19:30,Volynfarm,5912,-35.0,-35.0,UAH,—,—,—
23.11.2025 16:17:04,Там Там,5499,-222.78,-222.78,UAH,—,—,2.22
23.11.2025 16:04:32,Від: Особа_3,4829,100.0,100.0,UAH,—,—,—
22.11.2025 17:13:21,АТБ,5411,-157.9,-157.9,UAH,—,—,1.57
22.11.2025 16:28:54,Kvtkovii magazin Tsvt,5992,-560.0,-560.0,UAH,—,—,—
22.11.2025 14:05:14,Табакерка,5993,-125.0,-125.0,UAH,—,—,—
22.11.2025 14:04:29,Табакерка,5993,-700.0,-700.0,UAH,—,—,—
22.11.2025 14:02:48,Термінал А-Банку,4829,2100.0,2100.0,UAH,—,—,—
21.11.2025 21:35:07,Особа_4,4829,-20.0,-20.0,UAH,—,—,—
21.11.2025 19:00:38,Особа_4,4829,-10.0,-10.0,UAH,—,—,—
21.11.2025 16:34:29,UPG,5541,-2329.5,-2329.5,UAH,—,—,—
21.11.2025 12:13:29,Produkti,5499,-116.0,-116.0,UAH,—,—,1.16
20.11.2025 16:53:32,Там Там,5499,-258.2,-258.2,UAH,—,—,2.58
20.11.2025 12:12:33,Domashnii,5499,-88.0,-88.0,UAH,—,—,0.88
19.11.2025 12:13:33,Domashnii,5499,-137.0,-137.0,UAH,—,—,1.37
18.11.2025 12:20:09,Там Там,5499,-78.53,-78.53,UAH,—,—,0.78
17.11.2025 20:16:23,Там Там,5499,-99.8,-99.8,UAH,—,—,0.99
17.11.2025 12:33:41,Термінал mono,4829,1900.0,1900.0,UAH,—,—,—
17.11.2025 12:32:21,Palianytsia mar,5499,-65.0,-65.0,UAH,—,—,0.65
16.11.2025 15:25:53,Там Там,5499,-175.7,-175.7,UAH,—,—,1.75
15.11.2025 14:32:33,Там Там,5499,-211.6,-211.6,UAH,—,—,2.11
14.11.2025 18:04:39,Там Там,5499,-255.6,-255.6,UAH,—,—,2.55
14.11.2025 16:32:25,Martsypan,5499,-34.0,-34.0,UAH,—,—,0.34
14.11.2025 12:19:32,Там Там,5499,-107.08,-107.08,UAH,—,—,1.07
13.11.2025 16:31:41,Domashniy,5499,-92.82,-92.82,UAH,—,—,0.92
13.11.2025 12:56:37,Погашення наступного платежу CITRUS - monomarket,4829,-399.93,-399.93,UAH,—,—,—
12.11.2025 16:48:10,Volynfarm,5912,-188.0,-188.0,UAH,—,—,—
12.11.2025 16:42:20,Там Там,5499,-169.29,-169.29,UAH,—,—,1.69
12.11.2025 12:16:00,Там Там,5499,-45.8,-45.8,UAH,—,—,0.45
11.11.2025 12:09:48,Produkti,5499,-73.69,-73.69,UAH,—,—,0.73
10.11.2025 12:05:01,Domashnii,5499,-99.0,-99.0,UAH,—,—,0.99
09.11.2025 14:31:49,Там Там,5499,-179.8,-179.8,UAH,—,—,1.79
09.11.2025 14:09:44,K 25 LUTSK S LIPINI,5211,-92.7,-92.7,UAH,—,—,—
08.11.2025 19:12:00,Там Там,5499,-271.84,-271.84,UAH,—,—,2.71
07.11.2025 12:20:18,Produkti,5499,-104.48,-104.48,UAH,—,—,1.04
06.11.2025 12:11:51,Produkti,5499,-93.0,-93.0,UAH,—,—,0.93
05.11.2025 12:12:10,Produkti,5499,-112.9,-112.9,UAH,—,—,1.12
04.11.2025 12:07:44,Domashnii,5499,-78.34,-78.34,UAH,—,—,0.78
03.11.2025 20:37:31,Особа_4,4829,-300.0,-300.0,UAH,—,—,—
03.11.2025 19:09:09,Від: Особа_3,4829,269.0,269.0,UAH,—,—,—
03.11.2025 14:54:46,Аврора,5310,-118.0,-118.0,UAH,—,—,—
03.11.2025 14:16:53,McDonald’s,5814,-517.0,-517.0,UAH,—,—,—
03.11.2025 13:55:29,Погашення наступного платежу CITRUS - monomarket,4829,-1499.86,-1499.86,UAH,—,—,—
03.11.2025 12:58:56,METRO,5411,-554.3,-554.3,UAH,—,—,5.54
03.11.2025 12:45:06,Погашення наступного платежу КТС - monomarket,4829,-3779.8,-3779.8,UAH,—,—,—
03.11.2025 12:44:20,Термінал mono,4829,13000.0,13000.0,UAH,—,—,—
03.11.2025 12:21:43,Avtozapchastini,5533,-1407.0,-1407.0,UAH,—,—,—
01.11.2025 18:31:44,Vidrodgenya14Lutsk,5499,-143.5,-143.5,UAH,—,—,1.07
01.11.2025 18:24:16,Там Там,5499,-217.5,-217.5,UAH,—,—,1.63
01.11.2025 07:26:43,Київстар +380XXXXXXXXX,4814,-300.0,-300.0,UAH,—,—,—
31.10.2025 12:10:36,Produkti,5499,-50.0,-50.0,UAH,—,—,0.37
30.10.2025 12:05:08,Produkti,5499,-83.8,-83.8,UAH,—,—,0.62
29.10.2025 13:15:19,Там Там,5499,-209.73,-209.73,UAH,—,—,1.58
29.10.2025 12:31:20,Термінал City24,4829,2200.0,2200.0,UAH,—,—,—
29.10.2025 12:29:27,UPG,5541,-2120.4,-2120.4,UAH,—,—,—
28.10.2025 12:12:46,Produkti,5499,-35.0,-35.0,UAH,—,—,0.26
27.10.2025 16:56:54,Від: Особа_3,4829,290.0,290.0,UAH,—,—,—
27.10.2025 16:50:59,Там Там,5499,-455.6,-455.6,UAH,—,—,3.73
27.10.2025 12:23:20,Domashnii,5499,-78.62,-78.62,UAH,—,—,0.78
25.10.2025 18:38:25,Vidrodgenya14Lutsk,5499,-104.0,-104.0,UAH,—,—,1.04
25.10.2025 18:35:50,Там Там,5499,-86.19,-86.19,UAH,—,—,0.86
25.10.2025 10:37:55,BarbershopGC,7230,-700.0,-700.0,UAH,—,—,—
24.10.2025 16:58:21,Там Там,5499,-497.5,-497.5,UAH,—,—,4.97
24.10.2025 12:24:25,Produkti,5499,-84.79,-84.79,UAH,—,—,0.84
23.10.2025 12:08:34,Domashnii,5499,-76.68,-76.68,UAH,—,—,0.76
22.10.2025 12:08:44,Там Там,5499,-95.72,-95.72,UAH,—,—,0.95
21.10.2025 16:44:01,Там Там,5499,-169.04,-169.04,UAH,—,—,1.69
21.10.2025 14:29:39,Повне погашення MOYO- monomarket,4829,-160.34,-160.34,UAH,—,—,—
21.10.2025 14:29:33,Повне погашення MOYO- monomarket,4829,-155.66,-155.66,UAH,—,—,—
21.10.2025 14:29:28,Повне погашення FOXTROT- monomarket,4829,-424.34,-424.34,UAH,—,—,—
21.10.2025 14:28:23,Від: Особа_2,6012,750.0,750.0,UAH,—,—,—
21.10.2025 14:25:59,Повне погашення FOXTROT- monomarket,4829,-146.66,-146.66,UAH,—,—,—
21.10.2025 14:25:41,Від: Особа_2,6012,146.0,146.0,UAH,—,—,—
21.10.2025 13:51:55,Від: Особа_2,6012,26.55,26.55,UAH,—,—,—
21.10.2025 12:11:44,Produkti,5499,-82.12,-82.12,UAH,—,—,0.82
20.10.2025 16:26:57,UPG,5541,-589.0,-589.0,UAH,—,—,—
20.10.2025 12:12:42,Produkti,5499,-78.88,-78.88,UAH,—,—,0.78
19.10.2025 19:38:51,Від: Особа_1,6012,150.0,150.0,UAH,—,—,—
18.10.2025 19:36:59,Там Там,5499,-131.8,-131.8,UAH,—,—,1.31
18.10.2025 16:09:35,Vidrodgenya14Lutsk,5499,-355.58,-355.58,UAH,—,—,3.55
18.10.2025 15:55:12,Там Там,5499,-85.8,-85.8,UAH,—,—,0.85
18.10.2025 15:49:59,Термінал City24,4829,8100.0,8100.0,UAH,—,—,—
18.10.2025 12:36:43,Аврора,5310,-469.0,-469.0,UAH,—,—,—
17.10.2025 12:35:04,Там Там,5499,-221.31,-221.31,UAH,—,—,1.65
16.10.2025 12:07:01,Там Там,5499,-65.8,-65.8,UAH,—,—,0.49
15.10.2025 12:20:17,Produkti,5499,-108.9,-108.9,UAH,—,—,0.81
14.10.2025 12:17:53,Там Там,5499,-65.8,-65.8,UAH,—,—,0.49
13.10.2025 12:18:13,Domashnii,5499,-15.0,-15.0,UAH,—,—,0.11
12.10.2025 16:07:37,Там Там,5499,-99.8,-99.8,UAH,—,—,0.74
12.10.2025 15:56:25,Аврора,5310,-44.0,-44.0,UAH,—,—,0.33
11.10.2025 17:20:04,Vidrodgenya14Lutsk,5499,-156.0,-156.0,UAH,—,—,1.17
11.10.2025 17:15:56,Там Там,5499,-162.23,-162.23,UAH,—,—,1.21
11.10.2025 16:22:54,Аврора,5310,-83.0,-83.0,UAH,—,—,0.62
11.10.2025 15:45:30,Сільпо,5411,-20.59,-20.59,UAH,—,—,0.15
11.10.2025 12:26:16,Погашення наступного платежу CITRUS - monomarket,4829,-399.93,-399.93,UAH,—,—,—
10.10.2025 17:44:10,Vidrodgenya14Lutsk,5499,-104.0,-104.0,UAH,—,—,0.78
10.10.2025 12:12:53,Domashnii,5499,-85.0,-85.0,UAH,—,—,0.63
09.10.2025 17:02:38,magazin AKCENT,5921,-179.0,-179.0,UAH,—,—,1.34
09.10.2025 16:57:45,MULTI COOK SHOP,5499,-479.0,-479.0,UAH,—,—,3.59
09.10.2025 12:08:51,Produkti,5499,-69.0,-69.0,UAH,—,—,0.51
08.10.2025 17:38:00,magazin AKCENT,5921,-182.5,-182.5,UAH,—,—,1.36
08.10.2025 12:16:00,Produkti,5499,-65.0,-65.0,UAH,—,—,0.48
07.10.2025 16:45:43,magazin AKCENT,5921,-167.5,-167.5,UAH,—,—,1.25
07.10.2025 12:11:03,Produkti,5499,-113.0,-113.0,UAH,—,—,0.84
06.10.2025 17:47:28,Виведення кешбеку 106.80₴,4829,82.24,82.24,UAH,—,—,—
06.10.2025 17:05:58,Сільпо,5411,-80.38,-80.38,UAH,—,—,—
06.10.2025 15:52:07,Sinsay,5651,-599.0,-599.0,UAH,—,—,—
05.10.2025 22:31:42,Платіж КТС - monomarket,4829,-3779.8,-3779.8,UAH,—,—,—
04.10.2025 19:07:05,DYM,5993,-200.0,-200.0,UAH,—,—,—
03.10.2025 16:50:53,Там Там,5499,-39.9,-39.9,UAH,—,—,—
03.10.2025 12:23:38,Domashnii,5499,-76.0,-76.0,UAH,—,—,—
02.10.2025 16:07:29,Галя Балувана,5499,-245.0,-245.0,UAH,—,—,—
02.10.2025 15:41:47,Аврора,5310,-28.0,-28.0,UAH,—,—,—
02.10.2025 15:33:39,Термінал mono,4829,5000.0,5000.0,UAH,—,—,—
02.10.2025 15:23:43,Сільпо,5411,-68.48,-68.48,UAH,—,—,—
02.10.2025 11:16:10,Епіцентр,5211,-1253.94,-1253.94,UAH,—,—,—
02.10.2025 10:52:56,АТБ,5411,-153.8,-153.8,UAH,—,—,—
01.10.2025 16:57:36,Там Там,5499,-397.47,-397.47,UAH,—,—,—
01.10.2025 12:04:18,Produkti,5499,-68.0,-68.0,UAH,—,—,—
01.10.2025 06:37:00,Київстар +380XXXXXXXXX,4814,-300.0,-300.0,UAH,—,—,—
01.10.2025 06:35:52,Особа_4,4829,-210.0,-210.0,UAH,—,—,—
30.09.2025 16:55:19,Там Там,5499,-224.34,-224.34,UAH,—,—,2.24
30.09.2025 12:13:55,Produkti,5499,-33.0,-33.0,UAH,—,—,0.33
29.09.2025 16:27:46,Термінал City24,4829,2500.0,2500.0,UAH,—,—,—
29.09.2025 16:26:13,UPG,5541,-2215.82,-2215.82,UAH,—,—,—
27.09.2025 18:04:24,Погашення наступного платежу CITRUS - monomarket,4829,-1499.86,-1499.86,UAH,—,—,—
27.09.2025 18:04:16,Погашення наступного платежу MOYO- monomarket,4829,-160.33,-160.33,UAH,—,—,—
27.09.2025 18:04:06,Погашення наступного платежу MOYO- monomarket,4829,-155.67,-155.67,UAH,—,—,—
27.09.2025 18:03:58,Погашення наступного платежу FOXTROT- monomarket,4829,-146.67,-146.67,UAH,—,—,—
27.09.2025 18:03:47,Погашення наступного платежу FOXTROT- monomarket,4829,-424.33,-424.33,UAH,—,—,—
27.09.2025 17:50:59,Там Там,5499,-257.24,-257.24,UAH,—,—,2.57
27.09.2025 17:46:02,Термінал City24,4829,3300.0,3300.0,UAH,—,—,—
26.09.2025 12:22:37,Domashnii,5499,-85.0,-85.0,UAH,—,—,0.85
25.09.2025 12:23:55,Produkti,5499,-85.0,-85.0,UAH,—,—,0.85
24.09.2025 12:09:26,Produkti,5499,-85.0,-85.0,UAH,—,—,0.85
23.09.2025 12:09:53,Domashnii,5499,-108.9,-108.9,UAH,—,—,1.08
22.09.2025 12:10:55,Produkti,5499,-65.0,-65.0,UAH,—,—,0.65
21.09.2025 12:29:30,Sonyachniy,5499,-135.0,-135.0,UAH,—,—,1.35
19.09.2025 17:10:14,Особа_4,4829,-200.0,-200.0,UAH,—,—,—
19.09.2025 16:39:37,Там Там,5499,-149.96,-149.96,UAH,—,—,1.49
19.09.2025 16:35:16,Термінал City24,4829,1700.0,1700.0,UAH,—,—,—
19.09.2025 12:06:23,Produkti,5499,-15.0,-15.0,UAH,—,—,0.11
18.09.2025 17:59:10,Kvtkovii magazin Tsvt,5992,-700.0,-700.0,UAH,—,—,—
18.09.2025 12:08:07,Produkti,5499,-65.0,-65.0,UAH,—,—,0.65
17.09.2025 12:16:24,Domashnii,5499,-59.0,-59.0,UAH,—,—,0.59
16.09.2025 16:39:32,Volynfarm,5912,-34.25,-34.25,UAH,—,—,—
16.09.2025 16:37:20,Volynfarm,5912,-230.0,-230.0,UAH,—,—,—
15.09.2025 17:15:11,Аврора,5310,-161.0,-161.0,UAH,—,—,1.61
15.09.2025 16:48:41,METRO,5411,-796.4,-796.4,UAH,—,—,7.96
15.09.2025 12:08:40,Produkti,5499,-85.0,-85.0,UAH,—,—,0.85
14.09.2025 10:49:28,WOG,5541,-2244.37,-2244.37,UAH,—,—,—
13.09.2025 17:02:39,BarbershopGC,7230,-700.0,-700.0,UAH,—,—,—
13.09.2025 13:48:17,Там Там,5499,-219.89,-219.89,UAH,—,—,2.19
12.09.2025 21:47:49,monomarket,5262,-121.0,-121.0,UAH,—,—,—
12.09.2025 14:09:43,Особа_4,4829,-100.0,-100.0,UAH,—,—,—
12.09.2025 12:05:35,Produkti,5499,-70.0,-70.0,UAH,—,—,0.7
11.09.2025 15:50:01,Платіж MOYO- monomarket,4829,-160.33,-160.33,UAH,—,—,—
11.09.2025 15:50:01,Платіж FOXTROT- monomarket,4829,-146.67,-146.67,UAH,—,—,—
11.09.2025 15:50:01,Платіж FOXTROT- monomarket,4829,-424.33,-424.33,UAH,—,—,—
11.09.2025 15:50:01,Платіж MOYO- monomarket,4829,-155.67,-155.67,UAH,—,—,—
11.09.2025 12:10:16,Produkti,5499,-50.0,-50.0,UAH,—,—,0.5
10.09.2025 16:38:47,Там Там,5499,-278.05,-278.05,UAH,—,—,2.78
10.09.2025 12:18:42,Domashnii,5499,-70.0,-70.0,UAH,—,—,0.7
09.09.2025 17:31:22,Особа_4,4829,-300.0,-300.0,UAH,—,—,—
09.09.2025 12:27:17,Produkti,5499,-85.0,-85.0,UAH,—,—,0.85
08.09.2025 12:11:15,Domashnii,5499,-65.0,-65.0,UAH,—,—,0.65
08.09.2025 07:36:29,Погашення наступного платежу CITRUS- monomarket,4829,-399.93,-399.93,UAH,—,—,—
08.09.2025 07:36:24,Погашення наступного платежу CITRUS- monomarket,4829,-1499.86,-1499.86,UAH,—,—,—
08.09.2025 07:35:52,Термінал City24,4829,2000.0,2000.0,UAH,—,—,—
05.09.2025 12:27:24,Produkti,5499,-58.9,-58.9,UAH,—,—,0.58
05.09.2025 07:29:08,Domashnii,5499,-29.0,-29.0,UAH,—,—,0.29
04.09.2025 12:19:51,Produkti,5499,-98.0,-98.0,UAH,—,—,0.98
01.09.2025 18:59:36,Копійочка,5399,-103.9,-103.9,UAH,—,—,—
01.09.2025 18:49:54,PROSTOR,5977,-279.0,-279.0,UAH,—,—,—
01.09.2025 16:36:46,Київстар +380XXXXXXXXX,4814,-300.0,-300.0,UAH,—,—,—
01.09.2025 12:20:37,Produkti,5499,-100.0,-100.0,UAH,—,—,—
31.08.2025 19:08:05,Особа_4,4829,-213.0,-213.0,UAH,—,—,—
29.08.2025 16:51:48,Там Там,5499,-341.45,-341.45,UAH,—,—,3.41
29.08.2025 12:12:22,Domashnii,5499,-65.0,-65.0,UAH,—,—,0.65
28.08.2025 18:06:01,Особа_5,4829,-4000.0,-4000.0,UAH,—,—,—
28.08.2025 17:47:41,Термінал City24,4829,4000.0,4000.0,UAH,—,—,—
26.08.2025 18:07:19,Платіж CITRUS- monomarket,4829,-1499.86,-1499.86,UAH,—,—,—
26.08.2025 17:17:35,Там Там,5499,-314.79,-314.79,UAH,—,—,3.14
26.08.2025 12:07:51,Produkti,5499,-131.9,-131.9,UAH,—,—,1.31
26.08.2025 11:15:43,Погашення наступного платежу CITRUS- monomarket,4829,-399.93,-399.93,UAH,—,—,—
26.08.2025 10:58:22,EasyPay,6300,-4140.11,-4140.11,UAH,—,—,—
26.08.2025 07:36:54,Термінал City24,4829,6700.0,6700.0,UAH,—,—,—
25.08.2025 13:56:25,Там Там,5499,-124.08,-124.08,UAH,—,—,1.24
25.08.2025 12:49:30,HURTIVNYA,5499,-10.5,-10.5,UAH,—,—,0.1
24.08.2025 13:52:09,Термінал City24,4829,300.0,300.0,UAH,—,—,—
24.08.2025 13:49:21,Там Там,5499,-200.35,-200.35,UAH,—,—,2.0
24.08.2025 13:18:43,Аврора,5310,-59.0,-59.0,UAH,—,—,0.59
23.08.2025 14:44:58,Галя Балувана,5499,-293.0,-293.0,UAH,—,—,2.93
23.08.2025 08:32:01,ОККО,5541,-1687.47,-1687.47,UAH,—,—,50.62
23.08.2025 07:55:40,АТБ,5411,-51.2,-51.2,UAH,—,—,0.51
22.08.2025 16:42:00,Там Там,5499,-177.6,-177.6,UAH,—,—,1.77
22.08.2025 12:04:57,Domashnii,5499,-79.0,-79.0,UAH,—,—,0.79
21.08.2025 16:43:21,Там Там,5499,-193.45,-193.45,UAH,—,—,1.93
21.08.2025 12:22:57,Domashnii,5499,-15.0,-15.0,UAH,—,—,0.15
20.08.2025 18:14:35,Особа_4,4829,-400.0,-400.0,UAH,—,—,—
20.08.2025 16:33:57,Volynfarm,5912,-267.3,-267.3,UAH,—,—,—
20.08.2025 12:11:04,Domashnii,5499,-141.9,-141.9,UAH,—,—,1.41
18.08.2025 11:53:22,Виведення кешбеку 157.88₴,4829,121.57,121.57,UAH,—,—,—
16.08.2025 15:59:35,АТБ,5411,-389.1,-389.1,UAH,—,—,3.89
16.08.2025 14:46:27,LC Waikiki,5691,-2483.0,-2483.0,UAH,—,—,55.86
16.08.2025 14:07:28,Від: Особа_3,4829,27.0,27.0,UAH,—,—,—
16.08.2025 14:07:17,K 25 LUTSK S LIPINI,5211,-284.32,-284.32,UAH,—,—,—
15.08.2025 14:29:20,Там Там,5499,-39.9,-39.9,UAH,—,—,0.39
14.08.2025 21:00:06,Особа_4,4829,-10.0,-10.0,UAH,—,—,—
14.08.2025 10:27:40,Особа_4,4829,-450.0,-450.0,UAH,—,—,—
13.08.2025 13:07:06,UPG,5541,-1178.0,-1178.0,UAH,—,—,—
12.08.2025 10:24:05,Сімі,5499,-65.0,-65.0,UAH,—,—,0.65
11.08.2025 16:13:53,Там Там,5499,-25.9,-25.9,UAH,—,—,0.25
11.08.2025 12:25:17,Там Там,5499,-143.7,-143.7,UAH,—,—,1.43
11.08.2025 12:20:21,LIQPAY*FOP Kovalchuk I,7399,-24.0,-24.0,UAH,—,—,—
11.08.2025 09:59:24,Дія | Штрафи,9222,-173.82,-173.82,UAH,—,—,—
11.08.2025 09:57:20,Дія | Штрафи,9222,-173.82,-173.82,UAH,—,—,—
10.08.2025 16:13:18,Reserved,5651,-559.0,-559.0,UAH,—,—,12.57
08.08.2025 11:10:21,GRIN,5499,-400.0,-400.0,UAH,—,—,4.0
06.08.2025 14:15:31,WOG,5541,-375.0,-375.0,UAH,—,—,—
06.08.2025 12:22:03,METRO,5411,-505.58,-505.58,UAH,—,—,5.05
06.08.2025 09:30:30,Щомісячний платіж CITRUS- monomarket,4829,-399.93,-399.93,UAH,—,—,—
05.08.2025 12:25:24,Там Там,5499,-111.6,-111.6,UAH,—,—,1.11
05.08.2025 12:20:18,Термінал City24,4829,4500.0,4500.0,UAH,—,—,—
05.08.2025 12:03:41,Аврора,5310,-37.0,-37.0,UAH,—,—,0.37
05.08.2025 10:44:04,BarbershopGC,7230,-700.0,-700.0,UAH,—,—,—
04.08.2025 14:06:54,Київстар +380XXXXXXXXX,4814,-300.0,-300.0,UAH,—,—,—
04.08.2025 10:44:22,WOG,5541,-170.0,-170.0,UAH,—,—,—
04.08.2025 10:43:02,WOG,5541,-138.0,-138.0,UAH,—,—,—
03.08.2025 11:32:28,PUB&VIKING,5814,-425.0,-425.0,UAH,—,—,—
31.07.2025 12:07:23,Zeman,5921,-468.0,-468.0,UAH,—,—,4.68
31.07.2025 11:45:24,Vodafone +380XXXXXXXXX,4814,-210.0,-210.0,UAH,—,—,—
31.07.2025 11:30:11,Сільпо,5411,-1522.0,-1522.0,UAH,—,—,15.22
30.07.2025 11:30:40,Там Там,5499,-125.66,-125.66,UAH,—,—,1.25
30.07.2025 11:23:42,Українські Ковбаси,5499,-1730.26,-1730.26,UAH,—,—,17.3
27.07.2025 14:42:51,Vidrodgenya14Lutsk,5499,-219.5,-219.5,UAH,—,—,2.19
26.07.2025 13:58:20,Там Там,5499,-151.04,-151.04,UAH,—,—,1.51
26.07.2025 13:52:17,Українські Ковбаси,5499,-413.12,-413.12,UAH,—,—,4.13
23.07.2025 11:49:42,Там Там,5499,-290.95,-290.95,UAH,—,—,2.9
19.07.2025 19:33:42,Особа_4,4829,-3000.0,-3000.0,UAH,—,—,—
18.07.2025 14:57:27,Галя Балувана,5499,-399.51,-399.51,UAH,—,—,3.99
17.07.2025 16:24:47,Галя Балувана,5499,-148.14,-148.14,UAH,—,—,1.48
17.07.2025 14:08:23,LIQPAY*FOP Kovalchuk I,7399,-12.0,-12.0,UAH,—,—,—
17.07.2025 14:06:05,Там Там,5499,-77.18,-77.18,UAH,—,—,0.77
17.07.2025 14:03:41,Там Там,5499,-125.38,-125.38,UAH,—,—,1.25
17.07.2025 13:44:07,Аврора,5310,-370.0,-370.0,UAH,—,—,3.7
16.07.2025 06:35:03,Виплата депозиту,4829,24520.47,24520.47,UAH,—,—,—
15.07.2025 13:53:38,Там Там,5499,-124.56,-124.56,UAH,—,—,1.24
15.07.2025 13:49:01,Термінал City24,4829,1200.0,1200.0,UAH,—,—,—
14.07.2025 14:20:29,Там Там,5499,-152.7,-152.7,UAH,—,—,1.4
13.07.2025 15:38:19,UPG,5541,-2153.38,-2153.38,UAH,—,—,—
12.07.2025 13:55:05,Martsypan,5499,-26.0,-26.0,UAH,—,—,0.26
12.07.2025 11:05:12,BarbershopGC,7230,-600.0,-600.0,UAH,—,—,—
11.07.2025 12:41:05,Там Там,5499,-234.46,-234.46,UAH,—,—,2.34
10.07.2025 12:18:02,Produkti,5499,-141.9,-141.9,UAH,—,—,1.41
09.07.2025 16:51:58,Там Там,5499,-54.52,-54.52,UAH,—,—,0.54
09.07.2025 16:39:42,PROSTOR,5977,-126.0,-126.0,UAH,—,—,—
09.07.2025 12:06:39,Produkti,5499,-69.0,-69.0,UAH,—,—,0.69
08.07.2025 16:43:10,Там Там,5499,-98.4,-98.4,UAH,—,—,0.98
08.07.2025 16:37:33,Термінал City24,4829,5000.0,5000.0,UAH,—,—,—
07.07.2025 12:12:51,Domashnii,5499,-65.0,-65.0,UAH,—,—,0.48
06.07.2025 10:53:00,Volynfarm,5912,-190.0,-190.0,UAH,—,—,—
06.07.2025 10:48:34,Там Там,5499,-132.3,-132.3,UAH,—,—,0.99
06.07.2025 09:13:08,Щомісячний платіж CITRUS - market by mono,4829,-399.93,-399.93,UAH,—,—,—
05.07.2025 15:45:22,Там Там,5499,-215.6,-215.6,UAH,—,—,1.61
05.07.2025 10:34:48,Виведення кешбеку 104.86₴,4829,80.75,80.75,UAH,—,—,—
04.07.2025 15:19:01,Там Там,5499,-175.72,-175.72,UAH,—,—,—
03.07.2025 12:11:15,Produkti,5499,-65.0,-65.0,UAH,—,—,—
02.07.2025 12:07:07,Domashnii,5499,-84.0,-84.0,UAH,—,—,—
01.07.2025 16:37:26,Там Там,5499,-138.18,-138.18,UAH,—,—,—
30.06.2025 12:09:19,Domashnii,5499,-33.0,-33.0,UAH,—,—,0.3
26.06.2025 12:10:43,Produkti,5499,-142.0,-142.0,UAH,—,—,1.42
25.06.2025 12:10:44,Produkti,5499,-83.0,-83.0,UAH,—,—,0.83
24.06.2025 16:45:47,Там Там,5499,-29.9,-29.9,UAH,—,—,0.29
24.06.2025 16:38:11,Термінал City24,4829,5200.0,5200.0,UAH,—,—,—
24.06.2025 12:11:17,Produkti,5499,-112.0,-112.0,UAH,—,—,0.84
23.06.2025 06:20:48,Vodafone +380XXXXXXXXX,4814,-210.0,-210.0,UAH,—,—,—
21.06.2025 13:55:54,Щодня,5399,-39.8,-39.8,UAH,—,—,0.29
21.06.2025 11:51:55,BarbershopGC,7230,-700.0,-700.0,UAH,—,—,—
20.06.2025 21:01:49,OsamaSush,5814,-769.0,-769.0,UAH,—,—,—
20.06.2025 20:34:53,TRIO,5499,-69.0,-69.0,UAH,—,—,0.51
20.06.2025 12:08:55,Domashnii,5499,-113.0,-113.0,UAH,—,—,0.84
19.06.2025 12:14:42,Domashnii,5499,-137.9,-137.9,UAH,—,—,1.03
18.06.2025 07:14:28,Там Там,5499,-19.9,-19.9,UAH,—,—,0.14
17.06.2025 18:10:40,Особа_4,4829,-52.0,-52.0,UAH,—,2.0,—
17.06.2025 12:36:44,UPG,5541,-1699.96,-1699.96,UAH,—,—,—
16.06.2025 12:09:14,Produkti,5499,-142.0,-142.0,UAH,—,—,1.06
14.06.2025 18:35:04,АТБ,5411,-430.5,-430.5,UAH,—,—,3.22
14.06.2025 16:57:24,LC Waikiki,5651,-999.0,-999.0,UAH,—,—,16.09
14.06.2025 15:37:28,Estro,5661,-2808.0,-2808.0,UAH,—,—,63.18
14.06.2025 13:47:42,LC Waikiki,5651,-659.0,-659.0,UAH,—,—,14.82
13.06.2025 22:25:26,Виведення кешбеку 106.79₴,4829,82.23,82.23,UAH,—,—,—
13.06.2025 16:27:47,Domashniy,5499,-150.0,-150.0,UAH,—,—,1.5
13.06.2025 12:22:55,Domashnii,5499,-87.9,-87.9,UAH,—,—,0.87
12.06.2025 16:45:30,EXPRESS TAM TAM,5499,-137.62,-137.62,UAH,—,—,1.37
12.06.2025 16:30:36,Stovpinsk kovbasi,5499,-251.85,-251.85,UAH,—,—,2.51
12.06.2025 12:06:20,Domashnii,5499,-142.0,-142.0,UAH,—,—,1.42
11.06.2025 12:12:06,Produkti,5499,-142.0,-142.0,UAH,—,—,1.42
10.06.2025 20:15:05,Особа_4,4829,-476.0,-476.0,UAH,—,—,—
10.06.2025 16:37:52,EXPRESS TAM TAM,5499,-205.62,-205.62,UAH,—,—,2.05
09.06.2025 16:38:23,EXPRESS TAM TAM,5499,-107.28,-107.28,UAH,—,—,1.07
09.06.2025 12:04:51,Produkti,5499,-33.0,-33.0,UAH,—,—,0.33
07.06.2025 16:28:49,K 25 LUTSK S LIPINI,5211,-799.0,-799.0,UAH,—,—,—
07.06.2025 07:33:07,Термінал City24,4829,8400.0,8400.0,UAH,—,—,—
06.06.2025 16:58:57,EXPRESS TAM TAM,5499,-262.83,-262.83,UAH,—,—,1.97
06.06.2025 09:21:18,Щомісячний платіж CITRUS - market by mono,4829,-399.93,-399.93,UAH,—,—,—
04.06.2025 12:08:17,Produkti,5499,-33.0,-33.0,UAH,—,—,0.24
03.06.2025 16:11:08,EXPRESS TAM TAM,5499,-118.68,-118.68,UAH,—,—,0.89
02.06.2025 16:24:55,UPG,5541,-2171.4,-2171.4,UAH,—,—,—
01.06.2025 16:59:57,DostavkaSushiZoom,5814,-923.4,-923.4,UAH,—,—,—
01.06.2025 16:47:38,EXPRESS TAM TAM,5499,-119.8,-119.8,UAH,—,—,—
01.06.2025 16:26:09,Аврора,5310,-19.0,-19.0,UAH,—,—,—
01.06.2025 09:05:34,Київстар +380XXXXXXXXX,4814,-300.0,-300.0,UAH,—,—,—
31.05.2025 14:54:45,EXPRESS TAM TAM,5499,-382.29,-382.29,UAH,—,—,3.82
30.05.2025 12:05:07,Domashnii,5499,-190.9,-190.9,UAH,—,—,1.9
29.05.2025 19:01:16,Від: Особа_3,4829,100.0,100.0,UAH,—,—,—
29.05.2025 18:17:45,Особа_4,4829,-100.0,-100.0,UAH,—,—,—
29.05.2025 09:58:08,Vodafone +380XXXXXXXXX,4814,-100.0,-100.0,UAH,—,—,—
28.05.2025 16:38:42,EXPRESS TAM TAM,5499,-128.48,-128.48,UAH,—,—,1.28
28.05.2025 12:30:23,Produkti,5499,-89.0,-89.0,UAH,—,—,0.89
27.05.2025 18:07:15,Особа_4,4829,-4700.0,-4700.0,UAH,—,—,—
27.05.2025 17:50:18,Термінал City24,4829,4700.0,4700.0,UAH,—,—,—
27.05.2025 12:19:05,Produkti,5499,-82.0,-82.0,UAH,—,—,0.82
26.05.2025 16:32:31,Сільпо,5411,-164.0,-164.0,UAH,—,—,1.64
26.05.2025 12:10:50,Produkti,5499,-84.0,-84.0,UAH,—,—,0.84
25.05.2025 15:39:03,Термінал EasyPay,4829,4000.0,4000.0,UAH,—,—,—
25.05.2025 14:48:11,Там Там,5499,-181.7,-181.7,UAH,—,—,1.36
24.05.2025 12:50:18,TRIO,5499,-32.0,-32.0,UAH,—,—,0.24
23.05.2025 12:11:36,Domashnii,5499,-125.0,-125.0,UAH,—,—,0.93
22.05.2025 12:06:06,Produkti,5499,-90.0,-90.0,UAH,—,—,0.89
20.05.2025 12:10:22,Domashnii,5499,-129.39,-129.39,UAH,—,—,1.29
19.05.2025 12:05:56,Produkti,5499,-89.0,-89.0,UAH,—,—,0.89
18.05.2025 12:34:05,Kvtkovii magazin Tsvt,5992,-2980.0,-2980.0,UAH,—,—,—
17.05.2025 14:29:55,Особа_4,4829,-200.0,-200.0,UAH,—,—,—
17.05.2025 12:00:40,BarbershopGC,7230,-700.0,-700.0,UAH,—,—,—
16.05.2025 12:09:50,Produkti,5499,-68.0,-68.0,UAH,—,—,0.68
15.05.2025 16:49:44,EXPRESS TAM TAM,5499,-223.7,-223.7,UAH,—,—,2.23
15.05.2025 12:07:24,Domashnii,5499,-175.8,-175.8,UAH,—,—,1.75
14.05.2025 12:12:25,Produkti,5499,-170.9,-170.9,UAH,—,—,1.7
13.05.2025 16:41:01,EXPRESS TAM TAM,5499,-197.21,-197.21,UAH,—,—,1.97
13.05.2025 12:15:33,Produkti,5499,-130.0,-130.0,UAH,—,—,1.3
12.05.2025 12:04:53,Domashnii,5499,-77.0,-77.0,UAH,—,—,0.77
11.05.2025 09:43:07,Kvtkovii magazin Tsvt,5992,-1410.0,-1410.0,UAH,—,—,—
09.05.2025 16:18:03,Термінал City24,4829,11400.0,11400.0,UAH,—,—,—
09.05.2025 12:07:59,Produkti,5499,-44.0,-44.0,UAH,—,—,0.33
08.05.2025 12:14:28,Нова пошта,7399,-608.98,-608.98,UAH,—,—,—
07.05.2025 12:13:01,Domashnii,5499,-72.0,-72.0,UAH,—,—,0.54
07.05.2025 12:08:20,TAM TAM MINI 2,5499,-54.95,-54.95,UAH,—,—,0.41
06.05.2025 16:27:49,АЗК UPG,5541,-2063.2,-2063.2,UAH,—,—,—
06.05.2025 12:11:30,Produkti,5499,-141.9,-141.9,UAH,—,—,1.06
06.05.2025 10:36:16,Платіж CITRUS - market by mono,4829,-399.93,-399.93,UAH,—,—,—
05.05.2025 12:07:41,Domashnii,5499,-141.9,-141.9,UAH,—,—,1.06
04.05.2025 09:06:37,Щомісячний платіж CLICK - market by mono,4829,-571.26,-571.26,UAH,—,—,—
03.05.2025 15:33:02,magazin AKCENT,5921,-268.0,-268.0,UAH,—,—,2.01
03.05.2025 15:26:26,MULTI COOK SHOP,5499,-312.0,-312.0,UAH,—,—,2.34
01.05.2025 19:57:25,BEER SHOP,5499,-54.3,-54.3,UAH,—,—,—
30.04.2025 12:38:24,Domashnii,5499,-137.9,-137.9,UAH,—,—,1.3
29.04.2025 12:10:33,KIOSK KIVERTSIVSKA,5411,-19.0,-19.0,UAH,—,—,0.19
29.04.2025 12:09:36,TAM TAM MINI 2,5499,-69.8,-69.8,UAH,—,—,0.69
28.04.2025 16:23:10,AZS 138,5541,-554.0,-554.0,UAH,—,—,—
28.04.2025 12:22:13,Produkti,5499,-99.9,-99.9,UAH,—,—,0.99
27.04.2025 14:53:17,Термінал City24,4829,1000.0,1000.0,UAH,—,—,—
27.04.2025 14:51:21,Express tam tam,5499,-544.81,-544.81,UAH,—,—,5.07
27.04.2025 14:20:25,EVA,5977,-137.8,-137.8,UAH,—,—,—
25.04.2025 12:23:42,Produkti,5499,-109.0,-109.0,UAH,—,—,1.09
24.04.2025 12:25:52,Produkti,5499,-67.0,-67.0,UAH,—,—,0.67
22.04.2025 12:13:38,Produkti,5499,-41.0,-41.0,UAH,—,—,0.41
22.04.2025 06:55:17,Vodafone +380XXXXXXXXX,4814,-210.0,-210.0,UAH,—,—,—
19.04.2025 16:59:42,PLATON1*SPORTGOODS,5941,-434.0,-434.0,UAH,—,—,—
18.04.2025 19:50:00,Особа_4,4829,-200.0,-200.0,UAH,—,—,—
18.04.2025 18:06:39,METRO,5411,-344.6,-344.6,UAH,—,—,3.44
18.04.2025 12:20:41,Produkti,5499,-156.0,-156.0,UAH,—,—,1.56
17.04.2025 12:22:27,Produkti,5499,-137.9,-137.9,UAH,—,—,1.37
16.04.2025 12:43:38,Термінал City24,4829,2000.0,2000.0,UAH,—,—,—
16.04.2025 12:40:17,Express tam tam,5499,-102.06,-102.06,UAH,—,—,1.02
15.04.2025 12:16:50,Domashnii,5499,-107.0,-107.0,UAH,—,—,1.07
14.04.2025 16:44:48,Express tam tam,5499,-227.93,-227.93,UAH,—,—,2.27
14.04.2025 12:07:26,Produkti,5499,-41.0,-41.0,UAH,—,—,0.41
12.04.2025 16:45:59,Express tam tam,5499,-29.9,-29.9,UAH,—,—,0.29
12.04.2025 16:14:41,METRO,5411,-287.1,-287.1,UAH,—,—,2.87
12.04.2025 12:12:02,BarbershopGC,7230,-700.0,-700.0,UAH,—,—,—
11.04.2025 12:09:43,Produkti,5499,-130.9,-130.9,UAH,—,—,1.3
10.04.2025 17:43:53,Express tam tam,5499,-388.84,-388.84,UAH,—,—,3.88
10.04.2025 12:13:00,Produkti,5499,-152.0,-152.0,UAH,—,—,1.52
09.04.2025 12:14:43,Produkti,5499,-127.0,-127.0,UAH,—,—,1.27
08.04.2025 12:23:57,Domashnii,5499,-106.9,-106.9,UAH,—,—,1.06
07.04.2025 16:49:47,Express tam tam,5499,-313.25,-313.25,UAH,—,—,3.13
07.04.2025 16:29:27,Українські Ковбаси,5499,-528.55,-528.55,UAH,—,—,5.28
07.04.2025 12:11:54,Domashnii,5499,-135.9,-135.9,UAH,—,—,1.35
05.04.2025 17:40:18,Епіцентр,5211,-332.1,-332.1,UAH,—,—,—
05.04.2025 17:04:38,АТБ,5499,-503.59,-503.59,UAH,—,—,5.03
05.04.2025 12:10:56,Produkti,5499,-132.0,-132.0,UAH,—,—,1.32
04.04.2025 14:17:53,Express tam tam,5499,-408.07,-408.07,UAH,—,—,4.08
04.04.2025 14:12:06,Термінал City24,4829,8200.0,8200.0,UAH,—,—,—
04.04.2025 12:17:29,AZS 138,5541,-1998.98,-1998.98,UAH,—,—,—
04.04.2025 09:31:11,Платіж CLICK - market by mono,4829,-571.29,-571.29,UAH,—,—,—
03.04.2025 16:42:01,Express tam tam,5499,-305.19,-305.19,UAH,—,—,2.28
03.04.2025 09:41:39,Виведення кешбеку 116.06₴,4829,89.35,89.35,UAH,—,—,—
02.04.2025 12:17:38,Produkti,5499,-81.9,-81.9,UAH,—,—,—
01.04.2025 16:38:44,Express tam tam,5499,-61.7,-61.7,UAH,—,—,—
01.04.2025 12:07:05,Produkti,5499,-181.9,-181.9,UAH,—,—,—
01.04.2025 06:43:10,Київстар +380XXXXXXXXX,4814,-300.0,-300.0,UAH,—,—,—
01.04.2025 00:48:15,Поповнення депозиту,4829,-3000.0,-3000.0,UAH,—,—,—
31.03.2025 16:39:18,Express tam tam,5499,-336.09,-336.09,UAH,—,—,3.36
31.03.2025 12:03:44,Термінал City24,4829,5000.0,5000.0,UAH,—,—,—
30.03.2025 17:03:48,АТБ,5411,-414.7,-414.7,UAH,—,—,3.11
30.03.2025 16:42:40,Аврора,5310,-113.0,-113.0,UAH,—,—,0.84
29.03.2025 17:03:05,Express tam tam,5499,-154.73,-154.73,UAH,—,—,1.16
28.03.2025 13:22:57,Express tam tam,5499,-271.57,-271.57,UAH,—,—,2.03
27.03.2025 16:48:08,Express tam tam,5499,-384.69,-384.69,UAH,—,—,2.88
26.03.2025 12:08:25,Produkti,5499,-143.0,-143.0,UAH,—,—,1.11
25.03.2025 16:42:07,Express tam tam,5499,-204.78,-204.78,UAH,—,—,2.04
25.03.2025 16:21:56,АЗК UPG,5541,-838.5,-838.5,UAH,—,—,—
25.03.2025 12:25:03,Produkti,5499,-76.0,-76.0,UAH,—,—,0.76
24.03.2025 16:48:47,Express tam tam,5499,-169.7,-169.7,UAH,—,—,1.69
24.03.2025 12:09:50,Domashnii,5499,-166.0,-166.0,UAH,—,—,1.66
22.03.2025 16:56:03,METRO,5411,-704.89,-704.89,UAH,—,—,7.04
21.03.2025 16:59:52,Від: Особа_3,4829,1300.0,1300.0,UAH,—,—,—
21.03.2025 12:17:25,Produkti,5499,-100.0,-100.0,UAH,—,—,1.0
21.03.2025 07:45:49,Vodafone +380XXXXXXXXX,4814,-260.0,-260.0,UAH,—,—,—
20.03.2025 19:02:42,Особа_4,4829,-1300.0,-1300.0,UAH,—,—,—
20.03.2025 17:37:54,Express tam tam,5499,-328.18,-328.18,UAH,—,—,3.28
20.03.2025 12:11:41,Produkti,5499,-152.0,-152.0,UAH,—,—,1.52
20.03.2025 06:52:07,Vodafone +380XXXXXXXXX,4814,-210.0,-210.0,UAH,—,—,—
16.03.2025 15:48:12,Express tam tam,5499,-708.12,-708.12,UAH,—,—,7.08
15.03.2025 18:02:13,PLATON1*SPORTGOODS,5941,-2351.0,-2351.0,UAH,—,—,—
15.03.2025 17:45:36,Від: Особа_3,4829,600.0,600.0,UAH,—,—,—
14.03.2025 16:47:56,Express tam tam,5499,-157.51,-157.51,UAH,—,—,1.57
14.03.2025 12:04:03,TAM TAM MINI 2,5499,-119.7,-119.7,UAH,—,—,1.19
12.03.2025 16:55:23,Express tam tam,5499,-145.6,-145.6,UAH,—,—,1.45
12.03.2025 12:20:10,TAM TAM MINI 2,5499,-97.7,-97.7,UAH,—,—,0.97
11.03.2025 17:07:36,APTEKA 22 #211129,5912,-220.8,-220.8,UAH,—,—,—
11.03.2025 17:03:01,Express tam tam,5499,-135.78,-135.78,UAH,—,—,1.35
11.03.2025 12:16:26,TAM TAM MINI 2,5499,-73.8,-73.8,UAH,—,—,0.73
10.03.2025 13:07:01,Express tam tam,5499,-200.79,-200.79,UAH,—,—,2.0
09.03.2025 19:01:22,Особа_4,4829,-700.0,-700.0,UAH,—,—,—
09.03.2025 15:12:27,Express tam tam,5499,-198.07,-198.07,UAH,—,—,1.98
08.03.2025 14:53:00,Термінал City24,4829,8600.0,8600.0,UAH,—,—,—
08.03.2025 12:28:34,BarbershopGC,7230,-600.0,-600.0,UAH,—,—,—
07.03.2025 12:58:42,Express tam tam,5499,-267.5,-267.5,UAH,—,—,2.01
05.03.2025 16:29:09,WOG,5541,-1570.44,-1570.44,UAH,—,—,47.11
05.03.2025 07:24:06,Термінал City24,4829,2000.0,2000.0,UAH,—,—,—
04.03.2025 16:46:04,Express tam tam,5499,-510.69,-510.69,UAH,—,—,4.04
04.03.2025 12:33:28,TAM TAM MINI 2,5499,-99.8,-99.8,UAH,—,—,0.99
04.03.2025 09:18:42,Платіж CLICK - market by mono,4829,-571.29,-571.29,UAH,—,—,—
02.03.2025 14:01:43,Grono market,5499,-15.5,-15.5,UAH,—,—,0.15
02.03.2025 13:55:44,Поповнення депозиту,4829,-3000.0,-3000.0,UAH,—,—,—
02.03.2025 13:47:33,Express tam tam,5499,-161.6,-161.6,UAH,—,—,1.61
02.03.2025 13:39:16,Термінал City24,4829,4200.0,4200.0,UAH,—,—,—
02.03.2025 09:25:49,Платіж КТС - market by mono,4829,-567.25,-567.25,UAH,—,—,—
01.03.2025 15:45:47,Від: Особа_3,4829,500.0,500.0,UAH,—,—,—
01.03.2025 15:45:10,Від: Особа_3,4829,90.0,90.0,UAH,—,—,—
01.03.2025 15:44:32,METRO,5411,-416.3,-416.3,UAH,—,—,—
28.02.2025 20:11:38,414960****5680,4829,-340.0,-340.0,UAH,—,—,—
28.02.2025 12:54:10,Express tam tam,5499,-371.89,-371.89,UAH,—,—,3.71
26.02.2025 07:26:54,Produkti,5499,-25.0,-25.0,UAH,—,—,0.25
25.02.2025 12:36:00,TAM TAM MINI 2,5499,-59.8,-59.8,UAH,—,—,0.59
24.02.2025 18:31:18,Особа_4,4829,-512.0,-512.0,UAH,—,—,—
22.02.2025 17:00:33,METRO,5411,-380.3,-380.3,UAH,—,—,3.8
22.02.2025 16:58:56,Від: Особа_3,4829,50.0,50.0,UAH,—,—,—
22.02.2025 11:38:41,Виведення кешбеку 114.86₴,4829,88.43,88.43,UAH,—,—,—
22.02.2025 11:27:45,АЗК UPG,5541,-999.92,-999.92,UAH,—,—,—
21.02.2025 16:59:53,Express tam tam,5499,-397.7,-397.7,UAH,—,—,3.97
21.02.2025 16:49:44,Термінал City24,4829,2500.0,2500.0,UAH,—,—,—
19.02.2025 17:47:38,Особа_4,4829,-30.0,-30.0,UAH,—,—,—
19.02.2025 17:42:18,Від: Особа_3,4829,150.0,150.0,UAH,—,—,—
19.02.2025 12:37:34,Express tam tam,5499,-145.6,-145.6,UAH,—,—,1.45
19.02.2025 12:29:47,Українські Ковбаси,5499,-276.28,-276.28,UAH,—,—,2.76
18.02.2025 16:52:21,Express tam tam,5499,-132.7,-132.7,UAH,—,—,1.32
18.02.2025 16:44:42,Stovpinskikovbasi,5499,-191.72,-191.72,UAH,—,—,1.91
17.02.2025 17:24:03,Express tam tam,5499,-406.25,-406.25,UAH,—,—,4.06
16.02.2025 21:11:05,PLATON1*SPORTGOODS,5941,-726.0,-726.0,UAH,—,—,—
15.02.2025 15:49:06,Express tam tam,5499,-299.4,-299.4,UAH,—,—,2.99
14.02.2025 13:08:49,Express tam tam,5499,-145.6,-145.6,UAH,—,—,1.45
14.02.2025 12:22:20,Kvtkovii magazin Tsvt,5992,-1200.0,-1200.0,UAH,—,—,—
11.02.2025 17:33:07,АТБ,5411,-177.2,-177.2,UAH,—,—,1.77
10.02.2025 16:39:17,Express tam tam,5499,-202.72,-202.72,UAH,—,—,2.02
08.02.2025 22:49:00,PLATON1*SPORTGOODS,5941,-518.0,-518.0,UAH,—,—,—
08.02.2025 16:32:38,АТБ,5411,-467.81,-467.81,UAH,—,—,4.67
08.02.2025 16:15:48,Від: Особа_3,4829,283.0,283.0,UAH,—,—,—
08.02.2025 16:12:46,Термінал City24,4829,6200.0,6200.0,UAH,—,—,—
08.02.2025 16:09:09,METRO,5411,-791.92,-791.92,UAH,—,—,5.93
07.02.2025 16:44:29,Express tam tam,5499,-209.7,-209.7,UAH,—,—,1.57
07.02.2025 12:16:13,Produkti,5499,-61.0,-61.0,UAH,—,—,0.45
05.02.2025 12:25:01,Domashnii,5499,-87.0,-87.0,UAH,—,—,0.67
04.02.2025 09:04:16,Платіж CLICK - market by mono,4829,-571.29,-571.29,UAH,—,—,—
03.02.2025 12:46:19,Express tam tam,5499,-268.11,-268.11,UAH,—,—,2.68
03.02.2025 12:38:47,Термінал City24,4829,2300.0,2300.0,UAH,—,—,—
03.02.2025 12:16:16,АЗС ОВИС,5541,-1604.0,-1604.0,UAH,—,—,—
02.02.2025 09:42:56,Платіж КТС - market by mono,4829,-567.25,-567.25,UAH,—,—,—
01.02.2025 15:41:07,Volynfarm,5912,-158.0,-158.0,UAH,—,—,—
01.02.2025 15:38:16,Express tam tam,5499,-199.6,-199.6,UAH,—,—,1.99
01.02.2025 09:13:18,Поповнення депозиту,4829,-3000.0,-3000.0,UAH,—,—,—
31.01.2025 21:55:37,Київстар +380XXXXXXXXX,4814,-300.0,-300.0,UAH,—,—,—
30.01.2025 16:15:21,Термінал City24,4829,4700.0,4700.0,UAH,—,—,—
26.01.2025 17:23:27,Термінал City24,4829,2500.0,2500.0,UAH,—,—,—
26.01.2025 17:11:07,Rozetka,5399,-669.0,-669.0,UAH,—,—,5.01
25.01.2025 17:37:41,Від: Особа_3,4829,812.0,812.0,UAH,—,—,—
25.01.2025 17:36:48,Епіцентр,5211,-1476.0,-1476.0,UAH,—,—,—
25.01.2025 16:54:35,METRO,5411,-405.5,-405.5,UAH,—,—,3.04
25.01.2025 14:59:14,Megasport,5941,-2292.5,-2292.5,UAH,—,—,35.34
25.01.2025 13:35:47,Minimarket,5411,-24.9,-24.9,UAH,—,—,0.24
25.01.2025 13:21:44,BarbershopGC,7230,-600.0,-600.0,UAH,—,—,—
24.01.2025 16:50:42,Express tam tam,5499,-173.7,-173.7,UAH,—,—,1.73
23.01.2025 16:59:18,Особа_4,4829,-150.0,-150.0,UAH,—,—,—
23.01.2025 16:33:28,magazin,5499,-505.45,-505.45,UAH,—,—,5.05
23.01.2025 16:31:55,Від: Особа_3,4829,170.0,170.0,UAH,—,—,—
22.01.2025 19:53:35,Особа_4,4829,-150.0,-150.0,UAH,—,—,—
22.01.2025 12:29:19,TAM TAM MINI 2,5499,-65.8,-65.8,UAH,—,—,0.65
21.01.2025 16:25:15,АЗС ОВИС,5541,-881.8,-881.8,UAH,—,—,—
21.01.2025 12:05:04,TAM TAM MINI 2,5499,-29.9,-29.9,UAH,—,—,0.29
21.01.2025 11:38:23,Від: Особа_3,4829,130.0,130.0,UAH,—,—,—
20.01.2025 16:49:43,Express tam tam,5499,-381.67,-381.67,UAH,—,—,3.81
20.01.2025 12:16:18,TAM TAM MINI 2,5499,-35.9,-35.9,UAH,—,—,0.35
19.01.2025 17:22:45,Від: Особа_3,4829,60.0,60.0,UAH,—,—,—
18.01.2025 14:37:18,METRO,5411,-284.2,-284.2,UAH,—,—,2.84
18.01.2025 06:29:52,Vodafone +380XXXXXXXXX,4814,-210.0,-210.0,UAH,—,—,—
17.01.2025 12:41:49,Express tam tam,5499,-150.5,-150.5,UAH,—,—,1.5
15.01.2025 17:02:18,Express tam tam,5499,-422.8,-422.8,UAH,—,—,4.22
15.01.2025 12:18:08,TAM TAM MINI 2,5499,-95.7,-95.7,UAH,—,—,0.95
14.01.2025 17:48:27,Особа_4,4829,-130.0,-130.0,UAH,—,—,—
14.01.2025 12:17:42,TAM TAM MINI 2,5499,-65.8,-65.8,UAH,—,—,0.65
13.01.2025 17:07:18,Express tam tam,5499,-131.95,-131.95,UAH,—,—,1.31
13.01.2025 16:36:39,Komfi,5722,-1099.0,-1099.0,UAH,—,—,—
13.01.2025 12:17:27,TAM TAM MINI 2,5499,-65.8,-65.8,UAH,—,—,0.65
11.01.2025 12:40:05,Minimarket,5411,-66.8,-66.8,UAH,—,—,0.66
10.01.2025 12:24:16,TAM TAM MINI 2,5499,-75.8,-75.8,UAH,—,—,0.75
09.01.2025 07:53:46,Поповнення депозиту,4829,-3000.0,-3000.0,UAH,—,—,—
09.01.2025 07:44:52,Термінал City24,4829,12800.0,12800.0,UAH,—,—,—
08.01.2025 16:57:06,Express tam tam,5499,-89.71,-89.71,UAH,—,—,0.67
08.01.2025 12:23:39,TAM TAM MINI 2,5499,-45.9,-45.9,UAH,—,—,0.34
07.01.2025 12:16:17,TAM TAM MINI 2,5499,-75.8,-75.8,UAH,—,—,0.56
06.01.2025 16:38:59,Українські ковбаси,5499,-346.33,-346.33,UAH,—,—,2.59
06.01.2025 14:01:14,Виведення кешбеку 126.15₴,4829,97.13,97.13,UAH,—,—,—
06.01.2025 12:24:46,Produkti,5499,-37.0,-37.0,UAH,—,—,—
06.01.2025 12:16:38,TAM TAM MINI 2,5499,-45.9,-45.9,UAH,—,—,—
04.01.2025 16:37:42,Express tam tam,5499,-382.25,-382.25,UAH,—,—,—
04.01.2025 09:24:34,Платіж CLICK - market by mono,4829,-571.29,-571.29,UAH,—,—,—
02.01.2025 16:44:50,Київстар +380XXXXXXXXX,4814,-300.0,-300.0,UAH,—,—,—
02.01.2025 09:40:57,Платіж КТС - market by mono,4829,-567.25,-567.25,UAH,—,—,—
